generation,rule,min,avg,max,neighbour,ca_size
0,23,10,13.6,17,3,8
0,150,15,29.2,71,3,8
0,2,8,9.0,10,3,8
0,183,9,9.8,10,3,8
0,54,11,12.4,16,3,8
0,210,9,16.0,25,3,8
0,137,9,9.4,10,3,8
0,72,9,9.6,10,3,8
0,175,8,9.0,10,3,8
0,212,9,35.0,67,3,8
0,21,9,9.4,10,3,8
0,15,8,9.6,11,3,8
0,244,9,9.6,10,3,8
0,4,9,9.2,10,3,8
0,109,9,9.8,11,3,8
0,110,9,12.0,19,3,8
0,132,8,9.4,10,3,8
0,130,8,8.8,9,3,8
0,178,8,13.6,27,3,8
0,54,9,14.4,25,3,8
1,150,9,22.8,41,3,8
1,150,9,16.6,28,3,8
1,196,11,37.6,99,3,8
1,150,16,29.8,52,3,8
1,148,8,11.2,21,3,8
1,22,8,9.4,10,3,8
1,214,9,9.4,10,3,8
1,54,11,12.6,15,3,8
1,150,9,19.2,38,3,8
1,150,12,23.8,42,3,8
1,54,8,9.4,11,3,8
1,87,9,9.2,10,3,8
1,62,8,9.2,10,3,8
1,54,8,9.2,11,3,8
1,52,9,9.6,10,3,8
1,54,11,13.8,17,3,8
1,55,11,16.2,24,3,8
1,54,10,11.2,12,3,8
1,54,8,12.4,19,3,8
1,190,9,9.6,11,3,8
2,150,9,14.6,28,3,8
2,199,9,9.6,10,3,8
2,150,10,25.6,40,3,8
2,150,9,36.4,57,3,8
2,146,11,16.4,26,3,8
2,150,9,19.4,34,3,8
2,86,10,14.2,23,3,8
2,151,8,9.2,10,3,8
2,131,8,9.0,10,3,8
2,146,10,14.0,22,3,8
2,150,15,24.2,36,3,8
2,158,12,19.8,27,3,8
2,150,13,23.6,43,3,8
2,150,15,23.8,34,3,8
2,151,9,9.4,10,3,8
2,150,15,28.0,38,3,8
2,22,8,9.0,10,3,8
2,148,9,11.2,13,3,8
2,150,9,30.0,73,3,8
2,150,8,18.6,32,3,8
3,150,10,25.8,48,3,8
3,154,8,10.6,13,3,8
3,150,9,24.6,63,3,8
3,214,8,11.0,16,3,8
3,150,9,27.4,40,3,8
3,150,14,26.6,44,3,8
3,158,10,15.2,24,3,8
3,214,8,9.2,10,3,8
3,214,8,9.4,11,3,8
3,214,9,9.2,10,3,8
3,150,9,25.0,73,3,8
3,31,9,9.4,10,3,8
3,150,9,15.6,31,3,8
3,148,9,10.8,15,3,8
3,166,8,10.4,12,3,8
3,179,9,9.6,10,3,8
3,134,10,14.8,23,3,8
3,150,9,18.8,30,3,8
3,134,10,18.2,39,3,8
3,150,11,34.2,87,3,8
4,150,10,21.8,38,3,8
4,150,11,20.8,34,3,8
4,150,11,25.2,35,3,8
4,148,9,10.8,15,3,8
4,180,9,10.0,12,3,8
4,150,9,23.4,48,3,8
4,20,8,9.4,11,3,8
4,150,9,24.2,35,3,8
4,22,8,9.2,10,3,8
4,148,10,14.6,21,3,8
4,150,9,14.2,19,3,8
4,150,11,17.2,33,3,8
4,209,9,9.8,10,3,8
4,150,8,25.8,47,3,8
4,22,8,9.4,10,3,8
4,150,11,23.0,34,3,8
4,22,8,9.6,10,3,8
4,22,8,9.0,11,3,8
4,150,10,22.6,44,3,8
4,150,14,22.8,48,3,8
5,150,14,26.8,49,3,8
5,148,9,10.6,14,3,8
5,150,12,17.0,25,3,8
5,150,8,23.2,49,3,8
5,150,17,26.6,40,3,8
5,150,9,18.0,40,3,8
5,158,9,16.0,36,3,8
5,150,15,25.8,52,3,8
5,158,10,21.8,47,3,8
5,150,8,31.8,86,3,8
5,150,11,20.6,33,3,8
5,151,8,9.4,10,3,8
5,146,9,15.2,27,3,8
5,150,9,13.2,26,3,8
5,150,21,39.4,54,3,8
5,151,8,9.0,10,3,8
5,148,9,10.0,12,3,8
5,150,11,37.4,99,3,8
5,146,13,16.0,18,3,8
5,214,9,10.0,12,3,8
6,150,9,25.8,53,3,8
6,150,15,30.2,45,3,8
6,150,13,26.8,47,3,8
6,150,13,22.2,46,3,8
6,158,9,25.0,56,3,8
6,150,9,20.2,28,3,8
6,150,9,20.6,32,3,8
6,150,11,25.4,47,3,8
6,150,9,16.0,28,3,8
6,6,9,9.2,10,3,8
6,150,9,19.6,33,3,8
6,150,9,33.2,56,3,8
6,182,8,9.2,10,3,8
6,150,11,17.6,25,3,8
6,134,12,21.4,34,3,8
6,22,9,9.8,10,3,8
6,190,9,10.0,11,3,8
6,22,9,9.8,11,3,8
6,131,8,8.8,10,3,8
6,158,15,25.6,37,3,8
7,150,16,34.6,61,3,8
7,150,9,26.4,42,3,8
7,149,10,19.0,31,3,8
7,150,12,14.4,17,3,8
7,150,10,19.4,50,3,8
7,212,8,19.8,47,3,8
7,22,8,9.4,10,3,8
7,150,8,24.8,57,3,8
7,222,8,9.0,10,3,8
7,150,19,32.2,54,3,8
7,158,10,19.8,42,3,8
7,156,8,11.6,19,3,8
7,222,9,9.8,10,3,8
7,158,9,19.8,36,3,8
7,158,9,19.6,49,3,8
7,158,10,25.2,32,3,8
7,142,14,29.0,48,3,8
7,140,9,26.8,34,3,8
7,158,10,13.0,21,3,8
7,158,8,21.0,42,3,8
8,150,11,20.4,28,3,8
8,150,19,39.0,63,3,8
8,150,15,17.0,21,3,8
8,222,9,10.4,14,3,8
8,150,15,34.2,80,3,8
8,22,8,9.0,10,3,8
8,134,10,20.6,26,3,8
8,146,13,16.8,22,3,8
8,158,10,20.8,36,3,8
8,150,18,25.6,30,3,8
8,150,9,22.2,36,3,8
8,150,9,23.8,43,3,8
8,150,9,20.8,39,3,8
8,222,9,9.6,10,3,8
8,147,11,24.2,40,3,8
8,182,8,8.6,10,3,8
8,214,9,10.0,12,3,8
8,150,9,15.0,23,3,8
8,150,10,32.2,65,3,8
8,150,9,25.2,54,3,8
9,150,13,39.8,72,3,8
9,214,8,9.8,14,3,8
9,150,9,37.0,51,3,8
9,150,8,20.6,36,3,8
9,148,8,13.2,28,3,8
9,134,10,25.0,37,3,8
9,150,10,20.6,37,3,8
9,210,9,15.0,23,3,8
9,150,8,23.2,40,3,8
9,150,17,24.8,38,3,8
9,150,9,18.4,36,3,8
9,134,25,29.0,38,3,8
9,183,9,9.6,10,3,8
9,150,9,24.0,32,3,8
9,156,8,13.2,19,3,8
9,150,16,30.8,64,3,8
9,150,9,23.4,60,3,8
9,148,9,13.8,19,3,8
9,150,8,10.6,12,3,8
9,148,8,9.8,12,3,8
10,134,10,15.8,27,3,8
10,132,9,10.8,14,3,8
10,134,10,22.4,40,3,8
10,134,9,21.2,46,3,8
10,142,9,28.8,51,3,8
10,134,10,20.4,33,3,8
10,134,11,20.2,25,3,8
10,132,8,9.2,10,3,8
10,132,9,10.2,12,3,8
10,6,8,10.0,11,3,8
10,150,10,27.2,46,3,8
10,151,8,9.4,10,3,8
10,148,8,9.4,10,3,8
10,147,10,17.8,37,3,8
10,151,8,9.2,10,3,8
10,151,8,9.0,10,3,8
10,146,12,14.0,17,3,8
10,150,9,28.8,81,3,8
10,146,11,14.6,25,3,8
10,158,8,15.0,28,3,8
11,146,10,14.2,19,3,8
11,144,8,9.4,10,3,8
11,16,9,9.2,10,3,8
11,146,10,14.8,20,3,8
11,162,9,16.6,28,3,8
11,242,8,8.8,10,3,8
11,147,10,20.4,38,3,8
11,194,10,15.4,32,3,8
11,146,9,14.8,20,3,8
11,146,10,13.8,20,3,8
11,134,10,19.8,30,3,8
11,130,9,9.4,10,3,8
11,130,8,9.8,11,3,8
11,139,8,9.0,10,3,8
11,134,10,20.4,36,3,8
11,131,8,9.2,10,3,8
11,134,10,18.8,43,3,8
11,132,8,9.4,10,3,8
11,198,8,11.4,18,3,8
11,166,9,10.6,14,3,8
12,146,11,16.0,20,3,8
12,146,12,18.2,27,3,8
12,130,9,9.8,11,3,8
12,150,8,42.8,110,3,8
12,146,11,13.8,20,3,8
12,154,10,15.2,21,3,8
12,147,9,17.4,31,3,8
12,82,9,9.4,10,3,8
12,146,11,18.8,26,3,8
12,146,9,11.4,14,3,8
12,146,8,16.0,22,3,8
12,214,8,8.8,9,3,8
12,146,8,16.0,22,3,8
12,210,8,13.6,23,3,8
12,154,8,10.8,13,3,8
12,146,8,12.8,19,3,8
12,146,9,13.6,18,3,8
12,18,9,10.6,12,3,8
12,146,9,14.2,22,3,8
12,146,9,14.4,22,3,8
13,146,9,17.8,24,3,8
13,146,9,12.6,17,3,8
13,214,8,9.4,12,3,8
13,146,10,17.6,28,3,8
13,152,9,15.2,25,3,8
13,154,9,14.2,26,3,8
13,18,8,8.6,9,3,8
13,147,8,13.6,20,3,8
13,146,9,13.6,17,3,8
13,130,10,10.0,10,3,8
13,146,10,17.6,30,3,8
13,210,9,14.2,32,3,8
13,154,8,14.8,22,3,8
13,10,9,9.4,10,3,8
13,146,10,16.0,24,3,8
13,210,9,11.4,13,3,8
13,146,9,14.0,24,3,8
13,210,10,12.8,15,3,8
13,146,10,17.8,30,3,8
13,144,10,10.6,13,3,8
14,146,15,18.0,28,3,8
14,146,11,16.0,22,3,8
14,146,9,15.8,24,3,8
14,146,10,13.6,17,3,8
14,146,10,14.2,22,3,8
14,144,9,9.4,10,3,8
14,146,10,16.6,28,3,8
14,146,10,13.2,18,3,8
14,2,8,9.2,10,3,8
14,146,13,15.8,23,3,8
14,130,8,9.4,10,3,8
14,130,8,9.2,10,3,8
14,194,26,29.2,35,3,8
14,130,8,9.4,10,3,8
14,146,15,18.0,27,3,8
14,162,11,17.2,28,3,8
14,146,10,19.0,36,3,8
14,131,8,8.8,10,3,8
14,130,8,8.8,10,3,8
14,226,8,10.0,12,3,8
15,194,11,22.2,35,3,8
15,194,12,20.6,30,3,8
15,226,9,17.6,30,3,8
15,203,10,19.2,34,3,8
15,194,10,17.2,26,3,8
15,200,8,9.4,10,3,8
15,192,23,35.2,46,3,8
15,194,9,13.6,18,3,8
15,192,24,40.6,57,3,8
15,192,21,29.6,39,3,8
15,146,9,11.6,18,3,8
15,18,9,9.8,11,3,8
15,146,10,18.2,30,3,8
15,178,9,10.2,12,3,8
15,146,9,16.4,22,3,8
15,150,10,38.0,105,3,8
15,150,9,30.4,77,3,8
15,138,9,11.6,20,3,8
15,19,10,11.6,13,3,8
15,146,13,14.8,19,3,8
16,192,25,37.8,50,3,8
16,64,9,9.4,10,3,8
16,194,10,21.6,50,3,8
16,208,21,30.2,52,3,8
16,144,9,10.0,12,3,8
16,192,15,31.6,63,3,8
16,193,8,12.4,20,3,8
16,192,22,42.0,91,3,8
16,64,9,9.6,10,3,8
16,200,9,14.6,28,3,8
16,192,24,42.6,66,3,8
16,192,23,30.2,41,3,8
16,192,15,40.2,91,3,8
16,128,8,9.2,10,3,8
16,192,27,37.4,61,3,8
16,225,8,9.6,12,3,8
16,192,24,30.4,44,3,8
16,130,8,9.4,10,3,8
16,208,28,48.4,79,3,8
16,192,25,40.4,63,3,8
17,208,24,37.2,56,3,8
17,176,10,23.4,39,3,8
17,240,10,10.0,10,3,8
17,208,22,32.2,48,3,8
17,208,20,28.8,37,3,8
17,208,19,40.4,67,3,8
17,208,26,43.8,87,3,8
17,208,14,34.8,76,3,8
17,192,27,38.2,54,3,8
17,224,9,9.6,10,3,8
17,192,13,37.0,79,3,8
17,88,8,9.6,11,3,8
17,128,8,9.4,10,3,8
17,224,9,9.6,10,3,8
17,200,9,10.2,12,3,8
17,64,9,9.6,10,3,8
17,192,18,30.4,57,3,8
17,208,19,33.8,50,3,8
17,194,9,16.0,36,3,8
17,228,9,9.2,10,3,8
18,192,28,40.6,58,3,8
18,128,8,8.8,10,3,8
18,192,25,40.4,61,3,8
18,192,22,25.2,28,3,8
18,136,9,11.6,16,3,8
18,196,8,44.4,101,3,8
18,72,9,9.8,10,3,8
18,112,8,22.2,44,3,8
18,128,8,9.0,10,3,8
18,192,22,32.2,47,3,8
18,208,20,32.4,51,3,8
18,192,25,38.6,79,3,8
18,212,8,28.8,75,3,8
18,208,24,52.2,90,3,8
18,208,16,35.4,59,3,8
18,208,22,43.4,91,3,8
18,208,23,34.4,49,3,8
18,208,17,30.0,39,3,8
18,208,17,30.8,42,3,8
18,208,28,42.6,57,3,8
19,192,15,26.0,33,3,8
19,193,13,16.6,21,3,8
19,192,19,27.0,32,3,8
19,196,9,56.0,100,3,8
19,196,9,37.8,79,3,8
19,192,26,41.6,94,3,8
19,224,8,9.0,10,3,8
19,200,9,15.8,33,3,8
19,224,8,9.4,11,3,8
19,192,19,30.8,46,3,8
19,208,18,33.8,86,3,8
19,128,8,9.2,10,3,8
19,112,9,15.2,26,3,8
19,208,17,37.4,67,3,8
19,240,8,9.2,10,3,8
19,240,8,9.4,11,3,8
19,208,19,29.6,49,3,8
19,208,26,33.6,45,3,8
19,240,9,9.2,10,3,8
19,208,15,29.4,50,3,8
20,192,18,27.6,37,3,8
20,192,29,36.8,49,3,8
20,192,21,24.6,27,3,8
20,74,8,9.8,11,3,8
20,192,22,25.8,30,3,8
20,193,10,14.0,23,3,8
20,128,8,9.0,10,3,8
20,192,24,37.8,48,3,8
20,200,9,15.0,23,3,8
20,48,9,12.2,15,3,8
20,208,24,28.0,37,3,8
20,208,15,22.0,28,3,8
20,208,27,33.4,45,3,8
20,192,16,24.2,30,3,8
20,208,24,43.0,70,3,8
20,208,13,22.0,36,3,8
20,209,8,15.0,22,3,8
20,80,8,9.2,10,3,8
20,216,11,15.2,23,3,8
20,208,23,36.8,56,3,8
21,192,14,29.6,35,3,8
21,193,10,11.4,13,3,8
21,192,32,42.6,56,3,8
21,192,28,32.0,35,3,8
21,194,9,14.0,26,3,8
21,73,10,13.0,16,3,8
21,194,10,21.6,40,3,8
21,224,8,9.0,10,3,8
21,0,9,9.8,11,3,8
21,64,9,9.6,10,3,8
21,208,26,40.2,67,3,8
21,80,8,9.6,11,3,8
21,217,9,9.2,10,3,8
21,212,10,40.2,133,3,8
21,208,16,33.0,64,3,8
21,210,8,14.6,23,3,8
21,145,8,9.2,10,3,8
21,144,9,9.8,11,3,8
21,208,12,25.8,39,3,8
21,240,8,9.0,10,3,8
22,192,15,26.4,35,3,8
22,192,30,56.8,103,3,8
22,196,10,33.8,88,3,8
22,194,9,14.4,25,3,8
22,192,24,39.8,87,3,8
22,224,8,9.4,11,3,8
22,196,14,31.4,50,3,8
22,192,28,44.6,70,3,8
22,192,20,37.2,78,3,8
22,192,20,26.2,39,3,8
22,192,12,37.2,98,3,8
22,194,10,16.2,29,3,8
22,193,8,13.2,18,3,8
22,225,9,9.4,10,3,8
22,192,25,41.0,98,3,8
22,70,8,9.0,10,3,8
22,196,22,48.4,90,3,8
22,208,23,35.6,56,3,8
22,194,9,13.8,27,3,8
22,192,25,29.4,39,3,8
23,192,24,37.8,66,3,8
23,192,15,25.4,32,3,8
23,128,9,9.6,11,3,8
23,192,18,31.2,47,3,8
23,192,23,27.0,33,3,8
23,140,12,32.8,45,3,8
23,192,18,34.8,74,3,8
23,192,15,65.2,93,3,8
23,200,9,9.4,10,3,8
23,192,23,31.2,39,3,8
23,192,17,27.8,40,3,8
23,64,8,9.2,10,3,8
23,136,9,13.6,27,3,8
23,192,17,29.8,45,3,8
23,64,8,9.2,10,3,8
23,192,15,33.0,50,3,8
23,192,22,31.2,53,3,8
23,192,23,34.8,63,3,8
23,64,9,9.6,10,3,8
23,192,24,29.0,38,3,8
24,192,23,39.4,70,3,8
24,192,17,24.8,31,3,8
24,192,12,37.0,60,3,8
24,192,24,38.0,49,3,8
24,196,9,36.6,118,3,8
24,192,19,37.6,63,3,8
24,193,9,17.8,41,3,8
24,192,15,32.6,70,3,8
24,228,9,9.8,10,3,8
24,192,23,55.8,99,3,8
24,192,15,42.0,95,3,8
24,194,8,13.0,23,3,8
24,226,8,16.2,40,3,8
24,196,8,73.8,129,3,8
24,64,8,9.4,10,3,8
24,224,8,9.0,10,3,8
24,192,22,35.0,57,3,8
24,192,20,33.6,49,3,8
24,193,9,13.0,19,3,8
24,196,18,42.0,102,3,8
25,192,22,35.8,72,3,8
25,128,9,9.6,10,3,8
25,200,8,9.2,10,3,8
25,200,8,15.6,23,3,8
25,196,13,48.8,99,3,8
25,192,20,32.8,55,3,8
25,192,26,38.4,56,3,8
25,128,9,9.4,10,3,8
25,194,10,18.8,37,3,8
25,200,9,12.2,25,3,8
25,192,27,32.2,40,3,8
25,200,8,9.4,11,3,8
25,224,8,9.0,10,3,8
25,208,20,48.0,79,3,8
25,64,8,9.0,10,3,8
25,160,10,12.4,14,3,8
25,192,20,36.2,77,3,8
25,193,9,11.0,14,3,8
25,129,8,8.8,9,3,8
25,128,10,10.2,11,3,8
26,192,23,39.4,91,3,8
26,192,18,36.6,64,3,8
26,98,9,14.6,28,3,8
26,208,23,44.0,73,3,8
26,192,22,37.4,73,3,8
26,224,9,9.8,10,3,8
26,192,14,41.6,69,3,8
26,216,11,14.8,23,3,8
26,192,23,33.6,52,3,8
26,192,16,24.2,35,3,8
26,192,25,29.2,37,3,8
26,192,22,29.4,40,3,8
26,192,28,31.4,38,3,8
26,192,17,40.2,106,3,8
26,192,18,25.4,28,3,8
26,192,22,43.2,74,3,8
26,65,10,11.0,13,3,8
26,211,8,9.0,10,3,8
26,196,8,31.8,83,3,8
26,192,21,30.8,55,3,8
27,192,16,26.6,37,3,8
27,164,10,10.4,11,3,8
27,224,9,9.0,9,3,8
27,194,12,26.6,41,3,8
27,128,8,9.0,11,3,8
27,192,21,28.6,39,3,8
27,192,26,40.4,57,3,8
27,232,42,62.2,106,3,8
27,224,9,9.6,10,3,8
27,192,29,32.6,41,3,8
27,192,15,27.4,47,3,8
27,192,18,38.4,81,3,8
27,194,10,12.4,16,3,8
27,192,12,36.2,76,3,8
27,194,10,19.2,33,3,8
27,128,8,9.4,10,3,8
27,196,8,41.6,104,3,8
27,208,18,32.6,42,3,8
27,196,9,51.6,122,3,8
27,204,28,39.4,51,3,8
28,232,13,32.0,50,3,8
28,234,35,47.8,73,3,8
28,232,8,23.8,41,3,8
28,232,9,14.6,26,3,8
28,232,29,38.8,63,3,8
28,234,10,32.8,57,3,8
28,136,8,19.0,44,3,8
28,232,33,42.8,57,3,8
28,232,10,29.4,43,3,8
28,104,8,21.8,32,3,8
28,192,26,40.2,67,3,8
28,160,12,19.6,28,3,8
28,88,8,10.4,14,3,8
28,192,13,37.4,85,3,8
28,192,20,38.0,84,3,8
28,128,9,9.8,11,3,8
28,192,20,33.0,62,3,8
28,224,8,9.4,10,3,8
28,128,8,9.2,10,3,8
28,128,8,9.4,10,3,8
29,234,9,47.2,107,3,8
29,202,13,27.8,50,3,8
29,234,30,36.2,47,3,8
29,106,26,37.8,47,3,8
29,234,13,23.8,29,3,8
29,234,23,38.2,61,3,8
29,238,8,13.4,27,3,8
29,250,9,9.6,10,3,8
29,232,10,19.6,37,3,8
29,170,21,30.2,36,3,8
29,232,10,24.0,35,3,8
29,240,9,9.8,10,3,8
29,216,9,12.2,19,3,8
29,232,10,26.4,44,3,8
29,232,9,30.6,59,3,8
29,232,9,27.4,39,3,8
29,8,8,8.8,10,3,8
29,232,9,33.0,56,3,8
29,73,8,13.4,17,3,8
29,168,9,11.6,20,3,8
30,234,11,36.4,53,3,8
30,250,8,9.2,10,3,8
30,234,27,36.2,45,3,8
30,232,11,25.8,35,3,8
30,238,8,11.8,22,3,8
30,234,10,28.0,53,3,8
30,234,9,26.8,37,3,8
30,234,9,20.6,43,3,8
30,234,9,26.4,51,3,8
30,234,8,22.6,69,3,8
30,106,13,31.2,57,3,8
30,98,10,21.0,39,3,8
30,74,9,10.6,13,3,8
30,106,10,27.2,41,3,8
30,74,8,9.2,10,3,8
30,106,30,52.2,96,3,8
30,234,10,32.2,43,3,8
30,106,9,28.8,47,3,8
30,114,9,10.0,11,3,8
30,106,10,40.0,72,3,8
31,106,29,34.6,39,3,8
31,106,27,32.2,47,3,8
31,122,8,9.2,10,3,8
31,106,9,24.6,41,3,8
31,120,9,13.8,20,3,8
31,106,11,24.8,35,3,8
31,74,8,8.6,10,3,8
31,106,10,37.0,93,3,8
31,102,14,29.8,66,3,8
31,226,9,13.0,19,3,8
31,234,9,21.6,46,3,8
31,226,9,11.4,14,3,8
31,234,8,35.4,67,3,8
31,234,12,25.6,40,3,8
31,234,24,38.8,45,3,8
31,234,9,19.6,28,3,8
31,234,30,40.8,60,3,8
31,232,10,24.4,35,3,8
31,234,9,25.0,47,3,8
31,234,9,17.6,30,3,8
32,234,27,44.0,86,3,8
32,235,9,23.4,44,3,8
32,106,10,26.0,43,3,8
32,106,12,19.4,31,3,8
32,238,8,9.4,11,3,8
32,219,8,9.2,11,3,8
32,171,10,24.4,38,3,8
32,238,9,22.2,36,3,8
32,226,10,18.4,31,3,8
32,226,8,16.4,45,3,8
32,106,10,33.0,69,3,8
32,98,10,31.4,86,3,8
32,42,9,27.2,41,3,8
32,106,15,42.2,78,3,8
32,106,12,32.0,55,3,8
32,42,34,47.2,68,3,8
32,186,9,9.4,10,3,8
32,106,10,30.8,37,3,8
32,10,8,9.2,10,3,8
32,106,11,33.6,84,3,8
33,42,23,29.2,36,3,8
33,42,10,26.2,40,3,8
33,43,11,26.8,39,3,8
33,42,37,40.2,46,3,8
33,42,35,36.8,39,3,8
33,42,14,29.6,40,3,8
33,42,10,27.8,37,3,8
33,42,29,34.2,38,3,8
33,42,10,24.8,33,3,8
33,42,10,26.2,49,3,8
33,234,25,35.8,53,3,8
33,234,9,30.0,48,3,8
33,202,10,10.8,14,3,8
33,202,9,11.4,19,3,8
33,232,9,16.8,31,3,8
33,234,11,28.6,37,3,8
33,234,27,31.0,37,3,8
33,232,9,24.4,33,3,8
33,226,9,25.0,39,3,8
33,234,9,29.6,61,3,8
34,42,10,25.4,34,3,8
34,46,9,14.0,26,3,8
34,10,8,9.0,10,3,8
34,11,8,9.0,10,3,8
34,106,10,25.4,31,3,8
34,10,9,9.4,10,3,8
34,34,9,10.0,12,3,8
34,42,10,18.0,31,3,8
34,26,9,13.0,19,3,8
34,186,8,9.0,10,3,8
34,42,10,26.2,39,3,8
34,10,8,9.4,10,3,8
34,46,8,9.2,10,3,8
34,58,9,9.4,10,3,8
34,43,11,27.6,37,3,8
34,42,25,30.0,34,3,8
34,14,8,8.6,10,3,8
34,106,9,29.8,40,3,8
34,34,8,9.8,11,3,8
34,106,11,27.0,48,3,8
35,42,9,26.2,42,3,8
35,56,12,13.4,18,3,8
35,42,11,28.6,39,3,8
35,106,10,30.0,49,3,8
35,98,11,19.8,36,3,8
35,42,11,25.4,36,3,8
35,46,10,18.2,22,3,8
35,34,8,9.4,10,3,8
35,4,8,8.8,10,3,8
35,42,10,24.4,40,3,8
35,43,25,33.6,42,3,8
35,11,8,9.0,10,3,8
35,43,28,45.4,84,3,8
35,59,8,9.6,11,3,8
35,169,9,18.2,36,3,8
35,39,9,11.6,16,3,8
35,43,9,35.4,56,3,8
35,43,26,39.6,52,3,8
35,11,9,9.4,10,3,8
35,35,9,9.6,11,3,8
36,43,9,29.4,48,3,8
36,47,9,9.8,10,3,8
36,41,9,12.2,18,3,8
36,43,8,34.6,87,3,8
36,43,11,29.8,42,3,8
36,45,10,10.0,10,3,8
36,43,11,29.2,37,3,8
36,47,8,9.6,11,3,8
36,43,27,36.0,42,3,8
36,41,10,15.0,25,3,8
36,43,27,35.2,46,3,8
36,43,10,30.2,49,3,8
36,43,28,35.2,40,3,8
36,171,10,17.6,27,3,8
36,228,9,10.0,11,3,8
36,11,8,9.2,10,3,8
36,43,12,36.6,52,3,8
36,41,9,11.8,19,3,8
36,43,28,35.6,46,3,8
36,63,8,9.2,10,3,8
37,43,11,34.8,50,3,8
37,107,10,27.0,38,3,8
37,8,8,8.8,9,3,8
37,43,30,38.0,51,3,8
37,107,14,27.2,32,3,8
37,43,10,25.8,46,3,8
37,43,9,24.8,64,3,8
37,41,19,26.8,33,3,8
37,43,10,28.8,39,3,8
37,10,8,9.2,11,3,8
37,43,31,37.0,42,3,8
37,59,9,9.8,10,3,8
37,43,9,32.8,59,3,8
37,43,31,37.2,47,3,8
37,43,12,27.6,42,3,8
37,43,10,33.4,49,3,8
37,41,17,32.4,62,3,8
37,43,11,29.8,56,3,8
37,43,10,25.0,47,3,8
37,43,10,34.8,66,3,8
38,43,9,27.4,36,3,8
38,11,9,10.0,11,3,8
38,62,9,9.2,10,3,8
38,41,9,36.4,94,3,8
38,43,16,31.6,43,3,8
38,43,10,37.2,59,3,8
38,43,33,38.0,44,3,8
38,43,33,38.6,45,3,8
38,43,10,27.4,46,3,8
38,111,9,9.2,10,3,8
38,43,11,22.8,35,3,8
38,43,26,30.0,35,3,8
38,171,36,57.2,92,3,8
38,163,8,10.0,13,3,8
38,107,31,39.8,56,3,8
38,43,9,29.0,43,3,8
38,171,9,23.2,34,3,8
38,171,27,29.0,31,3,8
38,43,13,31.4,61,3,8
38,43,11,29.4,43,3,8
39,171,9,32.4,73,3,8
39,171,19,28.8,45,3,8
39,171,12,27.2,43,3,8
39,237,9,9.2,10,3,8
39,163,9,10.6,13,3,8
39,235,9,30.0,42,3,8
39,138,8,12.0,20,3,8
39,171,27,40.8,62,3,8
39,163,8,13.8,21,3,8
39,171,12,30.4,56,3,8
39,43,10,21.8,33,3,8
39,43,9,34.0,45,3,8
39,43,25,39.0,57,3,8
39,75,8,9.4,11,3,8
39,43,9,24.0,60,3,8
39,43,13,31.4,47,3,8
39,35,9,9.8,10,3,8
39,43,23,34.2,51,3,8
39,171,10,28.8,47,3,8
39,43,9,19.2,28,3,8
40,171,11,36.0,55,3,8
40,170,10,22.0,31,3,8
40,171,10,29.6,40,3,8
40,171,25,36.0,53,3,8
40,187,9,10.0,11,3,8
40,175,8,9.4,10,3,8
40,187,9,9.2,10,3,8
40,169,9,25.8,90,3,8
40,139,9,10.0,13,3,8
40,171,22,35.0,41,3,8
40,43,29,34.8,42,3,8
40,42,10,30.6,45,3,8
40,43,25,45.0,72,3,8
40,51,8,9.8,12,3,8
40,43,31,46.6,73,3,8
40,107,33,44.4,57,3,8
40,43,9,35.8,56,3,8
40,171,26,34.4,44,3,8
40,107,11,34.2,44,3,8
40,41,9,23.4,40,3,8
41,107,14,43.8,87,3,8
41,99,18,30.0,45,3,8
41,99,15,32.8,49,3,8
41,107,17,28.0,40,3,8
41,107,11,43.8,122,3,8
41,105,8,9.8,14,3,8
41,107,13,21.0,30,3,8
41,43,9,27.6,47,3,8
41,235,9,24.2,40,3,8
41,90,17,30.4,48,3,8
41,43,9,22.8,34,3,8
41,33,8,8.8,10,3,8
41,139,8,12.8,29,3,8
41,43,28,38.0,47,3,8
41,11,9,9.8,11,3,8
41,41,9,13.8,25,3,8
41,43,25,30.8,46,3,8
41,43,11,26.4,41,3,8
41,35,8,9.2,10,3,8
41,15,9,9.8,11,3,8
42,43,9,19.2,38,3,8
42,47,8,9.6,11,3,8
42,11,8,9.6,10,3,8
42,43,13,35.4,50,3,8
42,43,21,30.6,38,3,8
42,43,14,38.4,73,3,8
42,41,9,12.4,17,3,8
42,51,9,10.2,11,3,8
42,43,9,26.4,39,3,8
42,171,10,29.0,46,3,8
42,43,9,25.6,38,3,8
42,43,26,34.6,39,3,8
42,43,10,34.6,58,3,8
42,42,28,32.2,35,3,8
42,41,10,19.0,40,3,8
42,11,9,9.2,10,3,8
42,35,8,9.2,10,3,8
42,43,8,31.2,54,3,8
42,43,9,21.4,28,3,8
42,171,10,28.8,39,3,8
43,42,11,27.6,39,3,8
43,42,8,29.4,40,3,8
43,42,12,20.8,33,3,8
43,110,8,10.6,16,3,8
43,46,8,9.4,11,3,8
43,42,8,28.2,35,3,8
43,163,9,13.8,22,3,8
43,42,27,38.2,44,3,8
43,42,9,26.0,34,3,8
43,32,9,9.8,10,3,8
43,43,10,27.2,37,3,8
43,43,10,19.4,38,3,8
43,11,9,9.6,10,3,8
43,43,9,15.8,35,3,8
43,41,9,21.8,43,3,8
43,41,9,13.2,18,3,8
43,171,9,22.4,42,3,8
43,35,8,9.2,10,3,8
43,175,8,9.2,10,3,8
43,27,8,11.2,15,3,8
44,42,12,32.0,43,3,8
44,42,10,31.8,61,3,8
44,46,8,11.6,24,3,8
44,106,29,57.6,145,3,8
44,171,26,50.8,104,3,8
44,42,10,25.2,31,3,8
44,104,32,40.4,46,3,8
44,34,8,9.0,10,3,8
44,186,9,9.6,10,3,8
44,123,10,10.0,10,3,8
44,42,12,37.6,59,3,8
44,170,10,28.4,44,3,8
44,40,13,29.4,52,3,8
44,34,9,9.4,10,3,8
44,38,8,9.0,10,3,8
44,42,18,40.8,57,3,8
44,42,10,36.4,59,3,8
44,43,11,27.2,35,3,8
44,174,8,17.4,42,3,8
44,106,15,37.6,65,3,8
45,104,10,27.8,47,3,8
45,104,8,20.2,40,3,8
45,120,11,14.2,18,3,8
45,120,9,13.2,20,3,8
45,12,8,8.8,10,3,8
45,232,9,33.8,77,3,8
45,104,14,27.2,34,3,8
45,106,9,38.6,70,3,8
45,104,9,24.6,43,3,8
45,104,9,21.4,41,3,8
45,106,9,38.6,128,3,8
45,106,10,38.8,57,3,8
45,104,8,18.8,33,3,8
45,106,23,27.6,32,3,8
45,106,11,34.6,71,3,8
45,74,9,10.0,12,3,8
45,234,9,23.6,39,3,8
45,106,20,35.0,62,3,8
45,120,10,13.2,16,3,8
45,34,8,9.0,10,3,8
46,106,10,37.0,83,3,8
46,126,9,9.6,10,3,8
46,106,8,43.8,76,3,8
46,104,8,15.4,28,3,8
46,107,17,33.2,56,3,8
46,106,10,26.0,42,3,8
46,234,8,24.2,40,3,8
46,106,9,25.2,32,3,8
46,106,8,41.6,60,3,8
46,106,9,22.4,33,3,8
46,106,9,24.8,41,3,8
46,42,22,36.4,57,3,8
46,122,9,9.8,10,3,8
46,106,26,30.6,33,3,8
46,110,8,9.0,10,3,8
46,192,16,24.8,38,3,8
46,106,28,37.6,58,3,8
46,107,16,38.4,77,3,8
46,106,8,22.4,45,3,8
46,106,20,31.6,41,3,8
47,106,30,47.6,89,3,8
47,74,9,10.4,13,3,8
47,106,31,37.6,43,3,8
47,106,11,26.4,56,3,8
47,114,9,9.4,10,3,8
47,106,9,28.0,42,3,8
47,74,9,9.6,11,3,8
47,106,9,25.2,36,3,8
47,2,8,9.2,10,3,8
47,106,11,29.8,49,3,8
47,106,10,29.8,39,3,8
47,122,9,9.6,10,3,8
47,106,28,33.8,43,3,8
47,74,10,12.8,15,3,8
47,106,11,28.4,48,3,8
47,106,31,39.0,49,3,8
47,106,29,37.8,59,3,8
47,107,9,35.0,67,3,8
47,122,9,9.4,10,3,8
47,102,12,20.2,37,3,8
48,106,10,34.6,68,3,8
48,232,9,33.4,46,3,8
48,106,25,41.0,72,3,8
48,102,11,14.2,20,3,8
48,106,9,33.6,58,3,8
48,42,10,27.6,40,3,8
48,106,28,56.4,116,3,8
48,106,23,45.2,111,3,8
48,106,9,33.6,53,3,8
48,74,8,9.2,10,3,8
48,106,10,23.2,30,3,8
48,42,10,32.8,53,3,8
48,107,10,55.0,123,3,8
48,107,11,29.8,84,3,8
48,106,9,24.0,35,3,8
48,106,10,23.8,37,3,8
48,106,9,15.6,26,3,8
48,98,12,27.6,53,3,8
48,104,8,11.4,17,3,8
48,122,9,9.6,10,3,8
49,106,12,39.8,68,3,8
49,106,29,36.0,41,3,8
49,106,24,41.2,54,3,8
49,74,9,10.2,13,3,8
49,218,20,31.2,48,3,8
49,107,11,29.8,57,3,8
49,98,27,51.2,103,3,8
49,107,9,30.2,41,3,8
49,74,8,9.0,11,3,8
49,110,8,12.0,18,3,8
49,106,28,34.8,41,3,8
49,110,8,15.0,32,3,8
49,106,11,36.6,50,3,8
49,42,26,40.2,65,3,8
49,106,37,48.2,70,3,8
49,106,24,35.6,56,3,8
49,106,11,26.2,35,3,8
49,234,30,42.4,57,3,8
49,106,23,34.6,43,3,8
49,106,10,19.4,32,3,8
50,106,9,28.2,35,3,8
50,98,10,39.4,118,3,8
50,106,9,20.2,40,3,8
50,106,10,52.8,135,3,8
50,106,10,29.4,45,3,8
50,72,8,8.8,10,3,8
50,122,9,9.8,11,3,8
50,75,9,10.2,12,3,8
50,106,30,36.6,42,3,8
50,74,8,8.6,9,3,8
50,234,9,28.0,52,3,8
50,226,12,16.8,26,3,8
50,250,9,9.6,10,3,8
50,234,10,18.8,34,3,8
50,138,9,17.8,27,3,8
50,234,30,37.4,47,3,8
50,203,9,26.8,40,3,8
50,162,9,13.4,20,3,8
50,96,8,9.0,10,3,8
50,234,26,55.8,105,3,8
51,106,9,25.2,43,3,8
51,104,9,12.6,18,3,8
51,106,14,33.8,47,3,8
51,106,10,27.2,39,3,8
51,98,9,16.8,33,3,8
51,106,16,32.6,43,3,8
51,56,9,14.0,24,3,8
51,232,19,33.8,51,3,8
51,106,30,40.0,56,3,8
51,106,12,29.6,42,3,8
51,234,10,23.0,30,3,8
51,234,10,20.8,41,3,8
51,138,8,12.8,28,3,8
51,170,24,54.6,114,3,8
51,234,11,30.2,46,3,8
51,234,11,47.6,124,3,8
51,248,9,9.4,10,3,8
51,238,8,9.4,13,3,8
51,234,11,35.0,64,3,8
51,202,10,17.8,28,3,8
52,106,28,47.2,95,3,8
52,74,8,9.0,10,3,8
52,74,9,9.6,10,3,8
52,106,30,39.0,50,3,8
52,106,9,26.4,35,3,8
52,106,13,27.2,33,3,8
52,78,13,21.4,26,3,8
52,106,14,35.2,69,3,8
52,74,9,10.8,15,3,8
52,106,11,43.0,94,3,8
52,170,9,28.6,51,3,8
52,170,13,37.4,88,3,8
52,171,13,38.4,52,3,8
52,170,12,33.4,59,3,8
52,170,29,39.6,60,3,8
52,170,11,46.0,105,3,8
52,43,9,24.2,36,3,8
52,190,8,8.6,10,3,8
52,234,10,34.2,56,3,8
52,160,9,12.2,15,3,8
53,106,10,30.6,48,3,8
53,74,9,9.2,10,3,8
53,110,8,9.2,11,3,8
53,43,11,23.0,37,3,8
53,94,9,9.6,11,3,8
53,106,34,61.2,140,3,8
53,106,11,26.4,38,3,8
53,122,9,9.6,10,3,8
53,234,10,35.2,59,3,8
53,106,10,20.0,34,3,8
53,170,10,26.6,44,3,8
53,163,9,18.2,25,3,8
53,170,10,27.6,41,3,8
53,174,8,9.6,11,3,8
53,42,9,30.0,50,3,8
53,186,8,9.0,10,3,8
53,170,10,35.8,53,3,8
53,174,10,14.6,27,3,8
53,170,9,22.6,41,3,8
53,170,27,29.2,32,3,8
54,106,10,27.2,43,3,8
54,98,9,16.2,25,3,8
54,106,8,33.4,63,3,8
54,106,8,30.8,55,3,8
54,234,28,33.6,40,3,8
54,202,8,14.2,23,3,8
54,98,12,20.4,28,3,8
54,110,9,11.4,18,3,8
54,234,11,32.4,51,3,8
54,106,11,31.6,49,3,8
54,170,13,35.8,51,3,8
54,170,28,44.6,71,3,8
54,46,9,9.2,10,3,8
54,170,10,23.2,38,3,8
54,170,25,32.8,40,3,8
54,185,9,12.4,20,3,8
54,170,25,38.6,49,3,8
54,170,10,27.4,47,3,8
54,234,11,29.8,44,3,8
54,46,9,9.2,10,3,8
55,234,13,27.8,43,3,8
55,238,9,14.6,30,3,8
55,234,9,31.4,65,3,8
55,234,31,39.2,53,3,8
55,170,23,34.0,40,3,8
55,122,9,9.6,10,3,8
55,250,9,9.8,10,3,8
55,234,28,38.8,58,3,8
55,234,10,31.6,51,3,8
55,235,9,30.8,45,3,8
55,170,10,30.0,65,3,8
55,170,16,23.4,33,3,8
55,235,20,28.0,34,3,8
55,10,9,9.4,10,3,8
55,186,8,9.0,10,3,8
55,170,10,28.8,55,3,8
55,170,24,50.4,106,3,8
55,172,9,12.8,20,3,8
55,170,27,38.0,46,3,8
55,170,9,33.6,53,3,8
56,234,11,29.2,42,3,8
56,186,8,9.2,10,3,8
56,234,32,42.2,68,3,8
56,170,10,33.0,67,3,8
56,219,9,9.6,10,3,8
56,98,13,21.6,47,3,8
56,234,10,24.8,43,3,8
56,234,10,18.4,32,3,8
56,235,29,37.8,61,3,8
56,234,14,27.8,38,3,8
56,234,29,33.0,39,3,8
56,234,28,35.6,42,3,8
56,234,32,39.4,50,3,8
56,234,30,43.8,63,3,8
56,234,19,33.0,44,3,8
56,110,8,10.6,15,3,8
56,234,33,37.0,43,3,8
56,200,8,10.2,11,3,8
56,202,9,20.8,46,3,8
56,235,10,25.2,34,3,8
57,234,10,28.6,40,3,8
57,234,10,23.6,59,3,8
57,234,12,32.8,45,3,8
57,238,9,11.8,20,3,8
57,234,34,35.4,38,3,8
57,235,15,29.6,44,3,8
57,106,27,35.2,51,3,8
57,238,9,12.2,24,3,8
57,234,26,33.0,40,3,8
57,234,9,17.4,32,3,8
57,234,9,44.2,113,3,8
57,233,8,15.6,30,3,8
57,238,9,12.0,20,3,8
57,248,8,9.6,11,3,8
57,226,9,17.4,45,3,8
57,196,31,76.0,134,3,8
57,106,36,53.0,83,3,8
57,202,9,9.6,10,3,8
57,170,10,27.8,41,3,8
57,106,12,31.4,45,3,8
58,106,29,35.4,43,3,8
58,110,8,8.6,9,3,8
58,106,9,25.6,42,3,8
58,106,22,33.0,44,3,8
58,106,11,32.2,50,3,8
58,202,10,11.4,17,3,8
58,106,30,36.2,56,3,8
58,234,12,27.0,38,3,8
58,104,9,21.4,37,3,8
58,106,11,37.6,54,3,8
58,234,10,35.6,46,3,8
58,238,8,10.0,15,3,8
58,234,13,37.6,63,3,8
58,74,8,9.6,10,3,8
58,234,12,46.6,116,3,8
58,170,9,29.4,50,3,8
58,170,11,26.0,38,3,8
58,234,9,20.0,27,3,8
58,234,9,29.0,52,3,8
58,238,8,8.6,9,3,8
59,106,13,27.6,35,3,8
59,10,9,9.8,10,3,8
59,98,9,28.6,73,3,8
59,40,17,29.8,40,3,8
59,106,8,27.4,44,3,8
59,106,11,38.4,69,3,8
59,106,10,14.4,31,3,8
59,106,16,39.2,69,3,8
59,106,11,44.6,99,3,8
59,106,10,28.4,43,3,8
59,106,9,27.2,43,3,8
59,106,29,38.4,51,3,8
59,106,13,54.0,95,3,8
59,106,9,40.0,118,3,8
59,110,8,9.0,11,3,8
59,106,8,24.2,44,3,8
59,106,26,35.0,50,3,8
59,74,8,9.0,10,3,8
59,104,9,22.4,33,3,8
59,106,35,42.4,63,3,8
60,106,11,22.8,38,3,8
60,235,9,39.2,71,3,8
60,122,9,9.4,10,3,8
60,74,9,9.6,10,3,8
60,106,9,34.8,45,3,8
60,104,8,16.8,40,3,8
60,122,9,10.0,11,3,8
60,106,30,46.0,64,3,8
60,104,10,17.6,38,3,8
60,98,9,43.4,111,3,8
60,106,9,31.4,63,3,8
60,104,8,20.4,34,3,8
60,106,9,37.4,69,3,8
60,106,26,31.6,37,3,8
60,106,15,28.4,44,3,8
60,106,19,32.0,43,3,8
60,74,9,9.6,10,3,8
60,106,9,28.6,58,3,8
60,26,10,13.6,20,3,8
60,234,8,20.4,38,3,8
61,106,31,39.2,57,3,8
61,74,8,9.0,10,3,8
61,106,32,36.0,42,3,8
61,106,15,33.6,46,3,8
61,106,10,29.8,41,3,8
61,106,14,33.0,50,3,8
61,104,9,25.2,38,3,8
61,106,10,42.2,116,3,8
61,106,11,24.2,35,3,8
61,106,9,19.2,32,3,8
61,106,29,40.0,60,3,8
61,106,13,35.2,61,3,8
61,106,8,24.6,37,3,8
61,72,9,9.6,11,3,8
61,106,20,32.8,45,3,8
61,122,8,9.2,10,3,8
61,122,9,9.4,10,3,8
61,106,9,25.4,44,3,8
61,106,28,44.2,70,3,8
61,104,10,31.2,43,3,8
62,106,10,53.4,109,3,8
62,110,8,16.0,32,3,8
62,106,10,35.4,65,3,8
62,42,30,36.6,44,3,8
62,106,27,34.8,54,3,8
62,106,24,37.6,49,3,8
62,98,9,55.6,130,3,8
62,122,8,8.6,10,3,8
62,106,13,33.2,43,3,8
62,106,9,24.0,42,3,8
62,106,34,44.4,61,3,8
62,110,9,9.6,11,3,8
62,42,30,41.8,61,3,8
62,226,9,13.6,23,3,8
62,106,8,21.8,35,3,8
62,106,10,20.0,41,3,8
62,106,10,25.2,40,3,8
62,106,12,31.2,59,3,8
62,106,33,38.8,46,3,8
62,99,10,29.8,51,3,8
63,106,11,31.0,38,3,8
63,98,11,19.6,29,3,8
63,106,12,27.4,36,3,8
63,104,25,44.8,99,3,8
63,122,9,9.6,10,3,8
63,106,9,28.0,47,3,8
63,106,28,37.0,58,3,8
63,106,12,47.0,127,3,8
63,74,8,9.6,10,3,8
63,122,10,10.0,10,3,8
63,106,23,30.6,38,3,8
63,111,8,8.8,10,3,8
63,168,9,24.6,59,3,8
63,107,9,21.6,34,3,8
63,106,27,46.6,116,3,8
63,46,9,13.2,21,3,8
63,42,9,22.6,37,3,8
63,106,8,34.2,69,3,8
63,106,9,29.4,39,3,8
63,44,9,20.2,62,3,8
64,106,28,56.0,116,3,8
64,78,10,19.6,40,3,8
64,74,9,9.6,10,3,8
64,105,11,15.0,26,3,8
64,106,10,23.6,34,3,8
64,106,19,31.2,43,3,8
64,170,9,19.2,36,3,8
64,42,24,27.8,34,3,8
64,122,8,9.2,10,3,8
64,46,8,11.2,16,3,8
64,106,33,40.2,48,3,8
64,26,8,11.8,16,3,8
64,106,10,29.8,45,3,8
64,106,29,41.6,63,3,8
64,232,17,26.2,34,3,8
64,234,10,24.8,30,3,8
64,106,8,14.8,28,3,8
64,78,13,17.0,25,3,8
64,106,14,31.2,42,3,8
64,98,11,19.2,25,3,8
65,106,9,19.4,37,3,8
65,74,8,8.8,9,3,8
65,106,15,35.8,64,3,8
65,107,9,33.4,78,3,8
65,74,9,9.8,12,3,8
65,106,31,39.6,55,3,8
65,106,14,27.4,46,3,8
65,106,10,30.6,46,3,8
65,122,8,9.6,10,3,8
65,106,14,32.4,44,3,8
65,106,11,33.0,54,3,8
65,98,9,13.4,23,3,8
65,98,10,17.2,30,3,8
65,104,10,25.2,43,3,8
65,106,11,29.2,41,3,8
65,105,9,11.2,14,3,8
65,234,9,26.2,55,3,8
65,106,14,38.0,68,3,8
65,102,13,18.8,27,3,8
65,42,11,31.8,48,3,8
66,106,13,25.4,41,3,8
66,106,13,34.4,55,3,8
66,72,9,9.0,9,3,8
66,106,13,27.8,42,3,8
66,235,11,28.4,35,3,8
66,106,10,36.6,68,3,8
66,107,10,23.0,41,3,8
66,42,9,33.0,49,3,8
66,239,9,9.6,10,3,8
66,202,9,13.4,27,3,8
66,106,14,31.2,41,3,8
66,98,10,16.2,26,3,8
66,75,9,9.4,10,3,8
66,106,30,44.8,71,3,8
66,238,9,11.4,19,3,8
66,106,26,50.0,115,3,8
66,106,10,34.6,72,3,8
66,122,8,9.2,11,3,8
66,34,9,9.2,10,3,8
66,106,26,30.2,35,3,8
67,106,12,21.6,33,3,8
67,42,13,30.2,38,3,8
67,107,27,38.4,48,3,8
67,42,11,20.8,31,3,8
67,104,9,28.4,37,3,8
67,106,26,34.0,42,3,8
67,122,8,9.4,10,3,8
67,104,11,24.4,38,3,8
67,106,12,35.6,57,3,8
67,126,9,9.6,10,3,8
67,106,29,36.2,43,3,8
67,98,10,22.2,58,3,8
67,106,31,38.2,51,3,8
67,106,29,50.4,82,3,8
67,106,28,45.0,77,3,8
67,170,10,20.4,31,3,8
67,106,36,44.2,52,3,8
67,122,8,9.4,10,3,8
67,106,10,30.4,44,3,8
67,106,8,22.2,43,3,8
68,106,23,43.2,69,3,8
68,122,8,8.8,10,3,8
68,234,9,25.4,40,3,8
68,232,11,21.4,31,3,8
68,106,10,21.6,32,3,8
68,238,9,13.8,24,3,8
68,234,12,31.4,43,3,8
68,34,9,9.6,10,3,8
68,106,29,36.6,57,3,8
68,238,9,12.6,26,3,8
68,106,11,29.8,46,3,8
68,98,8,20.6,38,3,8
68,106,10,27.2,40,3,8
68,99,10,21.4,32,3,8
68,110,9,9.4,11,3,8
68,107,9,25.4,42,3,8
68,104,11,26.4,43,3,8
68,42,9,32.0,55,3,8
68,42,16,33.8,42,3,8
68,110,9,13.0,28,3,8
69,106,8,28.8,43,3,8
69,122,8,9.0,10,3,8
69,74,9,10.6,13,3,8
69,239,9,9.2,10,3,8
69,106,36,44.6,66,3,8
69,106,18,37.8,60,3,8
69,104,9,24.2,43,3,8
69,234,11,26.2,38,3,8
69,104,9,16.8,35,3,8
69,107,10,24.6,40,3,8
69,106,11,30.0,63,3,8
69,106,9,21.4,47,3,8
69,106,15,38.2,66,3,8
69,106,11,30.8,69,3,8
69,106,11,33.6,50,3,8
69,107,13,40.2,71,3,8
69,78,11,14.6,20,3,8
69,106,8,24.4,50,3,8
69,98,10,21.0,33,3,8
69,104,9,23.2,41,3,8
70,106,10,38.4,111,3,8
70,106,9,35.0,57,3,8
70,107,10,21.6,29,3,8
70,122,8,9.4,10,3,8
70,122,8,9.2,11,3,8
70,102,19,33.8,91,3,8
70,106,29,32.6,37,3,8
70,114,8,9.6,11,3,8
70,234,11,29.4,38,3,8
70,96,8,9.4,10,3,8
70,106,20,31.0,35,3,8
70,106,8,27.2,42,3,8
70,115,9,11.0,16,3,8
70,106,32,55.8,124,3,8
70,106,9,32.2,66,3,8
70,122,9,9.4,10,3,8
70,106,28,38.8,59,3,8
70,106,11,34.0,46,3,8
70,238,8,12.2,21,3,8
70,106,9,20.6,37,3,8
71,106,9,28.6,43,3,8
71,106,9,30.8,47,3,8
71,106,10,31.0,68,3,8
71,110,9,11.6,20,3,8
71,106,10,29.8,41,3,8
71,100,9,10.0,11,3,8
71,108,11,21.8,35,3,8
71,42,29,44.0,60,3,8
71,107,24,47.0,105,3,8
71,238,8,11.2,20,3,8
71,106,9,28.8,46,3,8
71,106,11,29.2,40,3,8
71,107,11,31.8,52,3,8
71,110,9,16.6,31,3,8
71,238,8,10.0,12,3,8
71,104,8,19.4,40,3,8
71,106,10,40.8,102,3,8
71,74,9,9.8,10,3,8
71,234,27,51.0,106,3,8
71,106,9,29.6,42,3,8
72,42,17,35.2,42,3,8
72,42,9,28.0,42,3,8
72,58,8,9.0,10,3,8
72,26,8,9.8,12,3,8
72,42,9,25.6,43,3,8
72,42,10,30.0,47,3,8
72,42,10,33.4,60,3,8
72,42,28,33.6,41,3,8
72,43,31,38.6,50,3,8
72,58,8,9.0,10,3,8
72,234,28,32.0,42,3,8
72,202,10,14.8,27,3,8
72,234,11,45.0,96,3,8
72,234,10,29.6,52,3,8
72,234,11,22.4,40,3,8
72,234,26,37.4,61,3,8
72,250,8,9.0,10,3,8
72,218,17,37.6,60,3,8
72,202,10,19.4,39,3,8
72,250,8,9.8,11,3,8
73,43,11,28.2,44,3,8
73,43,27,33.8,39,3,8
73,9,9,9.8,10,3,8
73,43,11,36.0,59,3,8
73,47,9,9.4,10,3,8
73,171,25,37.4,55,3,8
73,40,9,33.0,67,3,8
73,11,8,9.2,10,3,8
73,43,10,33.6,58,3,8
73,107,12,23.8,30,3,8
73,42,11,39.2,65,3,8
73,98,11,17.2,28,3,8
73,40,9,17.4,33,3,8
73,58,8,9.0,10,3,8
73,170,18,28.8,39,3,8
73,34,9,9.6,10,3,8
73,106,24,37.0,44,3,8
73,43,28,33.4,37,3,8
73,42,19,33.0,45,3,8
73,42,29,34.0,39,3,8
74,42,13,27.6,35,3,8
74,34,8,9.0,10,3,8
74,42,35,43.4,59,3,8
74,46,8,14.4,28,3,8
74,42,16,37.4,48,3,8
74,98,9,23.6,35,3,8
74,34,9,9.4,10,3,8
74,42,14,30.8,46,3,8
74,42,10,26.6,67,3,8
74,42,11,22.0,35,3,8
74,43,10,25.4,38,3,8
74,43,15,36.6,53,3,8
74,11,10,10.0,10,3,8
74,155,8,9.4,10,3,8
74,43,31,36.6,45,3,8
74,59,9,9.8,10,3,8
74,11,8,9.2,10,3,8
74,43,11,29.0,44,3,8
74,43,9,24.0,34,3,8
74,99,10,17.8,30,3,8
75,42,21,30.8,37,3,8
75,42,10,25.0,40,3,8
75,122,9,10.0,11,3,8
75,162,9,12.8,17,3,8
75,42,11,32.6,43,3,8
75,42,18,31.2,55,3,8
75,42,26,31.8,38,3,8
75,38,8,8.8,10,3,8
75,42,27,30.6,34,3,8
75,59,9,9.6,10,3,8
75,43,8,19.6,35,3,8
75,43,9,24.2,42,3,8
75,163,9,15.2,32,3,8
75,43,20,28.8,44,3,8
75,35,8,9.2,10,3,8
75,11,8,9.2,10,3,8
75,35,9,9.6,10,3,8
75,47,9,9.6,10,3,8
75,107,10,22.4,41,3,8
75,11,8,9.4,10,3,8
76,42,10,35.2,67,3,8
76,43,24,35.0,69,3,8
76,40,9,10.0,13,3,8
76,42,10,14.8,27,3,8
76,42,11,35.2,56,3,8
76,104,11,26.8,45,3,8
76,43,15,23.4,31,3,8
76,42,10,27.0,42,3,8
76,42,11,31.0,48,3,8
76,43,9,29.8,43,3,8
76,42,15,29.4,43,3,8
76,170,12,27.6,49,3,8
76,106,9,21.8,47,3,8
76,42,11,36.6,56,3,8
76,34,8,9.4,10,3,8
76,42,13,30.4,41,3,8
76,42,10,24.8,31,3,8
76,170,26,34.2,52,3,8
76,35,8,9.2,10,3,8
76,42,27,31.4,37,3,8
77,42,9,26.6,38,3,8
77,14,8,9.6,11,3,8
77,35,9,9.2,10,3,8
77,42,22,40.2,81,3,8
77,166,8,11.2,14,3,8
77,42,18,29.4,37,3,8
77,32,9,9.4,10,3,8
77,139,9,11.2,13,3,8
77,42,11,28.4,45,3,8
77,42,9,25.0,41,3,8
77,170,14,30.6,45,3,8
77,42,10,27.6,49,3,8
77,170,11,35.6,59,3,8
77,234,9,36.4,67,3,8
77,174,11,15.8,26,3,8
77,174,8,9.2,11,3,8
77,170,12,24.4,35,3,8
77,184,9,12.0,24,3,8
77,138,8,12.2,22,3,8
77,168,9,27.8,87,3,8
78,42,24,30.4,41,3,8
78,98,9,17.8,36,3,8
78,42,13,25.4,33,3,8
78,42,8,20.4,41,3,8
78,106,29,45.0,64,3,8
78,42,10,24.2,36,3,8
78,136,8,16.8,24,3,8
78,42,9,27.6,47,3,8
78,42,26,33.4,46,3,8
78,10,9,9.8,10,3,8
78,42,9,22.8,37,3,8
78,34,8,9.2,10,3,8
78,46,8,17.6,42,3,8
78,162,15,19.8,27,3,8
78,46,10,10.8,14,3,8
78,106,9,33.4,45,3,8
78,40,8,16.8,32,3,8
78,47,9,9.8,10,3,8
78,43,16,35.4,56,3,8
78,186,8,9.0,10,3,8
79,106,9,22.4,34,3,8
79,104,10,20.8,39,3,8
79,106,15,40.0,54,3,8
79,106,21,32.4,53,3,8
79,106,11,26.6,66,3,8
79,42,9,19.2,38,3,8
79,110,9,11.0,18,3,8
79,96,8,10.8,14,3,8
79,104,9,18.8,43,3,8
79,74,9,11.8,17,3,8
79,42,14,30.8,40,3,8
79,107,29,32.6,35,3,8
79,42,10,23.2,41,3,8
79,42,9,34.2,52,3,8
79,43,10,34.8,52,3,8
79,42,12,26.8,40,3,8
79,56,9,9.2,10,3,8
79,42,10,24.2,39,3,8
79,106,26,37.8,52,3,8
79,40,14,20.8,31,3,8
80,107,11,29.2,55,3,8
80,235,21,33.6,52,3,8
80,123,9,9.4,10,3,8
80,107,11,36.8,51,3,8
80,239,9,9.6,10,3,8
80,42,9,25.8,44,3,8
80,107,16,30.2,41,3,8
80,41,10,17.6,31,3,8
80,235,28,31.0,38,3,8
80,43,11,42.8,64,3,8
80,106,9,25.8,57,3,8
80,42,9,25.4,45,3,8
80,98,12,19.2,23,3,8
80,78,11,16.6,26,3,8
80,98,10,18.8,25,3,8
80,106,12,32.2,48,3,8
80,122,8,9.4,11,3,8
80,98,9,18.8,35,3,8
80,107,16,49.6,124,3,8
80,122,8,9.6,10,3,8
81,235,9,21.2,34,3,8
81,27,9,10.2,13,3,8
81,225,9,10.2,12,3,8
81,171,10,20.6,42,3,8
81,235,9,28.2,42,3,8
81,233,9,18.0,32,3,8
81,235,9,17.2,27,3,8
81,235,10,29.2,55,3,8
81,251,9,9.0,9,3,8
81,226,9,15.8,25,3,8
81,235,10,25.2,48,3,8
81,203,12,26.8,38,3,8
81,235,24,38.0,55,3,8
81,203,15,28.2,46,3,8
81,41,11,15.4,25,3,8
81,235,8,19.8,28,3,8
81,227,9,10.4,15,3,8
81,251,9,9.6,10,3,8
81,227,9,9.4,11,3,8
81,232,14,32.6,50,3,8
82,235,16,30.6,40,3,8
82,251,9,9.4,10,3,8
82,233,9,19.2,34,3,8
82,235,12,27.6,35,3,8
82,75,9,11.0,18,3,8
82,187,9,9.2,10,3,8
82,162,9,13.2,20,3,8
82,251,9,9.6,10,3,8
82,235,10,30.0,47,3,8
82,187,8,9.0,10,3,8
82,203,11,20.8,49,3,8
82,203,11,23.4,33,3,8
82,239,8,9.2,10,3,8
82,175,10,10.0,10,3,8
82,203,10,26.8,37,3,8
82,203,12,19.2,29,3,8
82,206,9,29.4,46,3,8
82,203,13,20.4,43,3,8
82,203,10,17.0,25,3,8
82,202,10,23.2,33,3,8
83,235,10,29.2,75,3,8
83,251,8,9.2,10,3,8
83,235,12,20.2,40,3,8
83,202,9,15.8,25,3,8
83,233,9,23.4,39,3,8
83,235,34,50.8,74,3,8
83,235,8,26.8,39,3,8
83,227,9,14.8,26,3,8
83,235,10,22.2,33,3,8
83,235,8,23.0,45,3,8
83,203,11,23.2,32,3,8
83,207,8,9.0,10,3,8
83,201,15,34.0,41,3,8
83,203,16,25.8,35,3,8
83,203,11,28.4,50,3,8
83,202,9,14.8,35,3,8
83,139,9,14.0,26,3,8
83,75,9,9.2,10,3,8
83,203,9,16.0,23,3,8
83,203,9,29.0,58,3,8
84,235,23,31.6,42,3,8
84,235,24,52.4,118,3,8
84,227,9,12.0,17,3,8
84,233,10,17.8,27,3,8
84,203,13,17.4,22,3,8
84,106,11,31.8,60,3,8
84,234,22,30.0,37,3,8
84,163,10,13.6,17,3,8
84,171,11,23.4,44,3,8
84,139,8,9.4,11,3,8
84,203,11,20.2,35,3,8
84,203,16,25.2,37,3,8
84,75,8,13.8,29,3,8
84,219,8,9.2,10,3,8
84,203,10,16.6,25,3,8
84,203,9,22.6,50,3,8
84,219,8,9.4,10,3,8
84,234,11,31.0,45,3,8
84,201,16,35.0,60,3,8
84,203,13,20.0,43,3,8
85,235,12,35.6,54,3,8
85,235,10,48.8,134,3,8
85,171,9,25.2,42,3,8
85,235,15,41.0,61,3,8
85,235,9,25.8,44,3,8
85,235,16,37.8,67,3,8
85,251,9,9.8,10,3,8
85,175,9,9.8,10,3,8
85,235,12,31.2,38,3,8
85,107,10,27.4,45,3,8
85,235,9,37.0,55,3,8
85,248,8,9.0,10,3,8
85,235,8,27.2,59,3,8
85,235,18,33.4,46,3,8
85,235,9,32.6,53,3,8
85,235,11,27.2,42,3,8
85,235,23,37.2,61,3,8
85,235,9,22.6,33,3,8
85,235,12,27.2,39,3,8
85,235,10,25.8,34,3,8
86,235,10,33.6,44,3,8
86,203,8,14.6,20,3,8
86,235,10,29.4,41,3,8
86,251,9,9.6,10,3,8
86,207,9,9.6,10,3,8
86,239,8,9.2,10,3,8
86,233,10,19.8,31,3,8
86,251,9,9.8,11,3,8
86,235,24,43.4,70,3,8
86,203,14,17.2,25,3,8
86,235,32,36.8,45,3,8
86,235,9,26.2,37,3,8
86,179,9,9.6,10,3,8
86,235,12,28.0,49,3,8
86,171,9,38.0,58,3,8
86,141,10,16.2,20,3,8
86,235,26,51.4,123,3,8
86,202,11,17.4,26,3,8
86,107,9,32.8,49,3,8
86,232,23,33.8,40,3,8
87,235,9,29.0,73,3,8
87,107,12,49.8,133,3,8
87,233,9,19.2,33,3,8
87,235,10,29.8,44,3,8
87,171,11,26.0,41,3,8
87,171,14,30.4,40,3,8
87,235,10,25.4,33,3,8
87,235,26,42.2,61,3,8
87,235,11,27.8,51,3,8
87,233,12,27.0,58,3,8
87,235,10,25.2,42,3,8
87,239,8,8.8,10,3,8
87,235,10,20.2,29,3,8
87,235,17,27.8,40,3,8
87,235,10,42.2,113,3,8
87,235,9,23.8,43,3,8
87,227,9,12.2,24,3,8
87,251,8,8.6,9,3,8
87,229,9,9.6,10,3,8
87,235,34,45.6,64,3,8
88,235,9,17.8,31,3,8
88,234,25,32.0,40,3,8
88,227,8,8.8,9,3,8
88,235,15,35.4,68,3,8
88,235,9,30.4,49,3,8
88,243,8,9.2,10,3,8
88,251,8,9.4,11,3,8
88,235,12,29.6,59,3,8
88,107,11,29.2,38,3,8
88,235,13,32.2,55,3,8
88,235,9,41.4,71,3,8
88,235,10,26.2,47,3,8
88,203,12,21.0,29,3,8
88,235,9,27.4,63,3,8
88,203,8,11.4,17,3,8
88,235,9,23.2,35,3,8
88,235,32,35.8,39,3,8
88,235,9,16.8,25,3,8
88,138,8,14.4,34,3,8
88,235,39,46.8,59,3,8
89,235,21,26.4,29,3,8
89,203,9,27.2,41,3,8
89,235,10,29.6,39,3,8
89,203,10,15.8,21,3,8
89,207,8,9.0,10,3,8
89,235,10,42.0,115,3,8
89,227,9,10.0,11,3,8
89,219,9,9.4,10,3,8
89,235,27,40.8,59,3,8
89,235,12,44.4,124,3,8
89,235,12,22.6,31,3,8
89,235,24,30.8,43,3,8
89,239,8,9.8,11,3,8
89,235,9,26.0,41,3,8
89,227,8,9.2,10,3,8
89,235,10,25.0,43,3,8
89,235,9,28.8,41,3,8
89,235,9,32.2,59,3,8
89,107,18,36.8,52,3,8
89,107,13,22.2,31,3,8
90,235,12,23.6,39,3,8
90,235,12,24.4,38,3,8
90,227,10,17.4,36,3,8
90,235,11,32.2,49,3,8
90,233,8,19.4,50,3,8
90,107,29,71.4,140,3,8
90,211,8,9.6,10,3,8
90,235,9,21.6,33,3,8
90,233,9,23.6,34,3,8
90,235,24,50.4,130,3,8
90,235,26,48.2,72,3,8
90,227,8,8.8,9,3,8
90,171,10,35.8,59,3,8
90,239,8,9.6,11,3,8
90,234,11,24.8,53,3,8
90,235,11,37.0,55,3,8
90,239,9,9.8,10,3,8
90,235,16,35.8,54,3,8
90,235,25,31.8,43,3,8
90,235,13,28.8,38,3,8
91,107,11,27.2,43,3,8
91,107,9,25.8,50,3,8
91,107,16,35.0,62,3,8
91,123,9,9.8,10,3,8
91,107,11,21.6,31,3,8
91,105,10,12.0,16,3,8
91,107,12,24.6,42,3,8
91,111,9,9.6,10,3,8
91,107,10,37.0,122,3,8
91,234,26,35.2,45,3,8
91,235,11,21.6,34,3,8
91,235,11,27.4,42,3,8
91,248,8,9.4,11,3,8
91,107,11,17.4,27,3,8
91,235,9,24.8,41,3,8
91,235,20,24.8,31,3,8
91,235,17,32.2,42,3,8
91,107,30,41.6,68,3,8
91,233,9,20.0,41,3,8
91,235,12,32.6,47,3,8
92,107,15,53.2,112,3,8
92,107,9,27.6,45,3,8
92,107,15,24.8,35,3,8
92,235,8,49.8,109,3,8
92,123,9,9.4,10,3,8
92,75,9,11.2,17,3,8
92,106,35,42.8,55,3,8
92,106,29,37.0,63,3,8
92,237,8,9.2,10,3,8
92,43,13,36.0,64,3,8
92,234,11,20.0,31,3,8
92,170,9,25.0,34,3,8
92,250,9,9.8,10,3,8
92,232,10,34.6,55,3,8
92,238,8,11.2,20,3,8
92,170,10,31.8,80,3,8
92,234,18,31.2,43,3,8
92,234,10,35.2,60,3,8
92,234,9,30.4,47,3,8
92,234,9,15.6,40,3,8
93,106,8,18.6,40,3,8
93,106,24,31.6,38,3,8
93,43,16,27.4,47,3,8
93,99,12,46.0,127,3,8
93,99,9,15.2,31,3,8
93,106,26,38.6,52,3,8
93,110,9,11.2,20,3,8
93,122,8,9.4,10,3,8
93,90,22,38.8,56,3,8
93,106,12,25.0,36,3,8
93,106,15,32.2,47,3,8
93,74,9,9.8,10,3,8
93,110,9,14.6,28,3,8
93,106,10,31.8,45,3,8
93,106,9,48.2,112,3,8
93,106,8,35.4,63,3,8
93,96,8,9.0,10,3,8
93,106,12,26.8,42,3,8
93,104,8,13.4,31,3,8
93,74,8,9.0,10,3,8
94,106,10,28.8,40,3,8
94,42,10,27.0,42,3,8
94,98,9,21.4,51,3,8
94,106,11,31.0,47,3,8
94,107,9,32.2,49,3,8
94,90,20,47.8,79,3,8
94,170,14,39.0,66,3,8
94,106,14,34.0,43,3,8
94,186,8,9.0,10,3,8
94,106,10,15.2,28,3,8
94,106,9,32.8,49,3,8
94,98,10,21.0,31,3,8
94,97,8,9.8,13,3,8
94,107,9,24.8,40,3,8
94,99,11,20.8,39,3,8
94,106,11,30.2,44,3,8
94,96,10,10.0,10,3,8
94,42,14,33.8,48,3,8
94,104,12,20.2,29,3,8
94,106,9,30.6,45,3,8
95,90,32,59.0,71,3,8
95,66,9,10.2,14,3,8
95,206,26,39.0,47,3,8
95,90,14,26.8,69,3,8
95,92,10,11.0,13,3,8
95,90,25,39.0,65,3,8
95,122,8,9.0,10,3,8
95,216,9,14.2,24,3,8
95,90,19,43.0,68,3,8
95,91,8,8.8,10,3,8
95,170,30,36.6,54,3,8
95,174,9,9.8,10,3,8
95,230,10,12.8,18,3,8
95,170,26,33.4,43,3,8
95,170,8,21.4,53,3,8
95,171,10,28.4,40,3,8
95,234,9,28.2,51,3,8
95,170,10,26.8,39,3,8
95,170,10,35.6,75,3,8
95,59,9,9.8,11,3,8
96,90,22,40.2,58,3,8
96,90,20,51.6,72,3,8
96,90,19,31.0,51,3,8
96,90,16,47.8,101,3,8
96,66,9,9.8,10,3,8
96,218,12,27.6,56,3,8
96,90,15,38.6,65,3,8
96,26,8,10.4,13,3,8
96,82,8,10.2,14,3,8
96,90,23,46.8,84,3,8
96,170,10,17.6,30,3,8
96,170,10,39.2,76,3,8
96,170,10,18.2,27,3,8
96,162,9,15.2,20,3,8
96,170,11,24.0,38,3,8
96,171,12,62.8,150,3,8
96,170,9,25.8,42,3,8
96,42,9,26.0,55,3,8
96,186,9,9.6,11,3,8
96,226,9,18.0,46,3,8
97,90,20,34.8,50,3,8
97,90,20,42.8,73,3,8
97,90,19,30.8,63,3,8
97,90,18,33.6,49,3,8
97,88,10,10.2,11,3,8
97,26,8,10.0,12,3,8
97,218,26,36.2,46,3,8
97,92,8,9.4,10,3,8
97,91,9,9.4,10,3,8
97,90,20,42.0,81,3,8
97,90,16,34.6,70,3,8
97,74,9,9.4,10,3,8
97,90,32,48.8,65,3,8
97,122,9,9.8,11,3,8
97,107,10,20.0,39,3,8
97,74,9,10.4,16,3,8
97,90,21,35.8,60,3,8
97,91,8,9.0,10,3,8
97,210,9,10.2,12,3,8
97,106,29,40.4,63,3,8
98,90,35,42.6,58,3,8
98,74,8,9.2,11,3,8
98,18,8,9.4,12,3,8
98,122,9,9.2,10,3,8
98,122,9,9.2,10,3,8
98,27,8,9.2,10,3,8
98,202,9,20.8,28,3,8
98,90,20,30.2,56,3,8
98,90,21,38.6,57,3,8
98,30,13,22.8,39,3,8
98,106,10,23.4,38,3,8
98,107,22,37.8,73,3,8
98,70,9,9.6,10,3,8
98,42,13,29.0,38,3,8
98,106,11,27.8,50,3,8
98,96,8,9.6,14,3,8
98,99,10,26.2,49,3,8
98,104,9,10.6,14,3,8
98,106,16,29.0,37,3,8
98,238,9,9.8,11,3,8
99,90,23,40.6,56,3,8
99,88,8,8.6,9,3,8
99,31,10,11.2,15,3,8
99,88,8,10.0,16,3,8
99,90,19,39.6,78,3,8
99,90,16,43.2,84,3,8
99,26,9,11.2,14,3,8
99,91,9,9.4,10,3,8
99,74,8,9.2,10,3,8
99,90,18,46.8,86,3,8
99,107,11,26.2,37,3,8
99,111,9,9.8,11,3,8
99,105,8,10.4,13,3,8
99,39,8,10.4,16,3,8
99,107,24,33.6,39,3,8
99,105,9,11.2,15,3,8
99,107,10,25.4,34,3,8
99,107,28,40.0,59,3,8
99,43,14,27.0,32,3,8
99,106,12,30.0,43,3,8
